feature,count,mean,std,min,25%,50%,75%,max
duration,431.0,190.26528143693673,61.524248873278445,65.57292517006803,145.0,189.59673469387755,234.41463718820862,557.3600680272109
bpm,431.0,114.48788248146833,28.247584676623095,0.0,95.703125,112.34714673913044,129.19921875,198.76802884615384
rms_mean,431.0,0.16664775376253504,0.06810156057017198,0.0200337246060371,0.11672253534197805,0.1605047732591629,0.2130418792366981,0.3873012959957123
centroid_mean,431.0,1709.424238029964,704.9759282696784,114.52859640495876,1226.7896334822278,1719.1832145638716,2229.498289759592,3203.205527132792
zcr_mean,431.0,0.07414286723055255,0.032289983681093135,0.0035827925719795,0.052149136890588005,0.0717370852075442,0.09439840252379915,0.2000883956143547
