mood,video_count,audio_count,ratio_video_to_audio
energetic,51,77,0.6623376623376623
epic,53,73,0.726027397260274
happy,61,68,0.8970588235294118
melancholic,67,37,1.8108108108108107
relaxing,58,71,0.8169014084507042
romantic,60,105,0.5714285714285714
