feature,count,mean,std,min,25%,50%,75%,max
duration,350.0,14.650417522787798,6.339115891276993,4.8,9.761666666666667,13.766666666666666,18.018,30.73333333333333
width,350.0,1065.4857142857143,76.81084996355942,320.0,1080.0,1080.0,1080.0,1080.0
height,350.0,1899.6457142857143,143.9306191160027,568.0,1920.0,1920.0,1920.0,2048.0
flow_mean,350.0,6.461997842442776,4.312905541557297,0.0148014537990093,2.880990743637085,5.847185373306274,9.388835668563841,19.651098251342773
flow_std,350.0,8.348375020367758,4.182061030771725,0.2181749939918518,5.492905497550964,8.272575378417969,10.61151933670044,36.84563827514648
brightness_mean,350.0,118.85310971648931,41.418260862486726,7.936428976176698,92.86230571322972,124.3343997757523,150.51608540099346,206.7904993127893
saturation_mean,350.0,79.55836921268475,42.622164332426095,0.0,48.94571472921489,73.01535044728973,102.72459367163385,225.83571949273767
